n,n_start_time,n_end_time,Omega,ToA_1,AoA_1,ToA_2,AoA_2,ToA_3,AoA_3,ToA_4,AoA_4,ToA_5,AoA_5
0.0,0.09340284846241716,0.3639330100486138,23.225452091328567,0.13654713481606612,1.0020455557212349,0.19092704636807858,2.265043586203185,0.24506853730980901,3.5225041902234446,0.29883762968804806,4.771315669248456,0.3526183531518712,6.02039728549447
1.0,0.3639330100486138,0.6308153465292456,23.542904300208598,0.4062303405228854,0.9958020035100741,0.45971864406188934,2.255072014909352,0.5131088830900215,3.5120333029139283,0.5663143740288694,4.764645084332842,0.6196137052647891,6.0194661388852175
2.0,0.6308153465292456,0.8943335920659908,23.843454537205677,0.6727167035995014,0.9990731023518652,0.7256720399095548,2.261711256163059,0.7784467609097274,3.5200429170443894,0.8309877200462437,4.7728008875570955,0.8833626531954265,6.021600224988823
3.0,0.8943335920659908,1.1526752439841232,24.32122447359246,0.9353463351352455,0.997480130465115,0.9871220600281195,2.256729157867674,1.0387228950057883,3.5117246483843574,1.0901894828215075,4.7634550835403235,1.141804221630076,6.018788732249364
4.0,1.1526752439841232,1.4086224221376413,24.54875788242099,1.1933512179633925,0.9985446368487372,1.2447917450862198,2.261345682531135,1.2960413605346968,3.519460083742978,1.3470181711866134,4.770877466054898,1.397915004412264,6.020331501893353
