time,data
0.0,-0.0005945871606694069
0.03334444814938313,0.0010613862055712639
0.06668889629876626,2.6079168093594706e-05
0.10003334444814939,-0.0023280383075118824
0.13337779259753252,-0.0005663303250450639
0.16672224074691566,0.0004029404905952955
0.20006668889629878,-0.0005916569806763475
0.2334111370456819,-0.0009628953581179943
0.26675558519506504,0.00045265741131746243
0.3001000333444482,-8.50727127969158e-05
