n,aoa,plot_r
0,1.2781063617826856,0.5
0,2.2094059658984353,0.5
0,3.387266960894163,0.5
0,4.650031817142598,0.5
0,6.138048989879368,0.5
1,1.3849444345471356,0.51
1,2.19413583352789,0.51
1,3.2321771383580247,0.51
1,4.466463425234742,0.51
1,6.056459185526984,0.51
